Model,Zoom tele (T),Normal focus range,Macro focus range,Storage included,Weight (inc. batteries),Dimensions,Price
Agfa ePhoto 1280,114,70,40,4,420,95,179
Agfa ePhoto 1680,114,50,0,4,420,158,179
Agfa ePhoto CL18,45,0,0,2,0,0,179
Agfa ePhoto CL30,35,0,0,4,0,0,269
Agfa ePhoto CL30 Clik!,43,50,0,40,300,128,1299
Agfa ePhoto CL45,51,50,20,8,270,119,179
Agfa ePhoto CL50,102,0,0,8,0,0,179
Canon PowerShot 350,42,70,3,2,320,93,149
Canon PowerShot 600,50,40,10,1,460,160,139
Canon PowerShot A10,105,76,16,8,375,110,139
Canon PowerShot A100,39,20,5,8,225,110,139
Canon PowerShot A20,105,76,16,8,375,110,139
Canon PowerShot A200,39,20,5,8,225,110,139
Canon PowerShot A30,105,76,16,8,350,110,139
Canon PowerShot A300,33,20,5,32,225,111,139
Canon PowerShot A310,33,0,5,0,205,110,139
Canon PowerShot A40,105,76,16,8,350,110,139
Canon PowerShot A400,100,0,5,16,255,107,139
Canon PowerShot A410,131,0,1,16,195,103,139
Canon PowerShot A420,125,47,1,16,200,103,139
Canon PowerShot A430,156,47,1,16,210,103,139
Canon PowerShot A450,122,47,1,16,215,106,139
Canon PowerShot A460,152,47,1,16,215,106,139
Canon PowerShot A5,35,50,9,8,240,105,149
Canon PowerShot A50,70,50,17,8,290,103,149
Canon PowerShot A510,140,0,5,16,230,91,139
Canon PowerShot A520,140,0,5,16,230,91,149
Canon PowerShot A530,140,45,5,16,220,90,149
Canon PowerShot A540,140,45,5,16,230,90,149
Canon PowerShot A550,140,45,5,16,210,91,149
Canon PowerShot A560,140,45,5,16,205,91,149
Canon PowerShot A570 IS,140,45,5,16,215,90,149
Canon PowerShot A5 Zoom,70,50,17,8,290,103,149
Canon PowerShot A60,105,46,5,16,315,101,139
Canon PowerShot A610,140,0,1,16,285,105,139
Canon PowerShot A620,140,0,1,32,285,105,139
Canon PowerShot A630,140,0,1,16,315,109,139
Canon PowerShot A640,140,0,1,32,315,109,139
Canon PowerShot A650 IS,210,0,1,32,300,97,399
Canon PowerShot A70,105,46,5,16,315,101,139
Canon PowerShot A700,210,55,1,16,250,94,139
Canon PowerShot A710 IS,210,55,1,16,210,98,139
Canon PowerShot A720 IS,210,55,1,16,250,97,399
Canon PowerShot A75,105,46,5,32,315,101,139
Canon PowerShot A80,114,46,5,32,350,103,139
Canon PowerShot A85,105,0,5,32,300,101,139
Canon PowerShot A95,114,45,5,32,335,101,139
Canon EOS 10D,0,0,0,0,875,150,1299
Canon EOS-1D,0,0,0,0,1585,156,4499
Canon EOS-1D Mark II,0,0,0,0,1565,156,4499
Canon EOS-1D Mark III,0,0,0,0,1335,156,4499
Canon EOS-1D Mark II N,0,0,0,0,1565,156,4499
Canon EOS-1Ds,0,0,0,0,1585,156,7999
Canon EOS-1Ds Mark II,0,0,0,0,1565,156,7999
Canon EOS-1Ds Mark III,0,0,0,0,1385,150,7999
Canon EOS 20D,0,0,0,0,770,144,1299
Canon EOS 20Da,0,0,0,0,770,144,1299
Canon EOS 300D / Digital Rebel,0,0,0,0,645,142,1299
Canon EOS 30D,0,0,0,0,784,144,1299
Canon EOS 350D / Digital Rebel XT,0,0,0,0,540,127,1299
Canon EOS 400D / Digital Rebel XTi,0,0,0,0,556,127,1299
Canon EOS 40D,0,0,0,0,822,146,1299
Canon EOS 5D,0,0,0,0,895,152,2499
Canon EOS D30,0,0,0,16,855,150,549
Canon EOS D60,0,0,0,16,855,150,549
Canon PowerShot G1,102,70,6,16,490,120,499
Canon PowerShot G2,102,70,6,32,510,121,499
Canon PowerShot G3,140,50,5,32,490,121,499
Canon PowerShot G5,140,50,5,32,490,121,149
Canon PowerShot G6,140,50,5,32,467,105,499
Canon PowerShot G7,210,50,1,32,380,106,499
Canon PowerShot G9,210,50,1,32,370,106,499
Canon PowerShot Pro1,200,50,3,64,640,118,139
Canon PowerShot Pro70,70,32,12,8,800,148,199
Canon PowerShot Pro90 IS,370,10,10,16,680,127,384
Canon PowerShot S10,70,46,12,8,320,106,399
Canon PowerShot S100,70,57,10,8,250,87,199
Canon PowerShot S110,70,57,10,8,250,87,199
Canon PowerShot S1 IS,380,10,10,32,469,111,399
Canon PowerShot S20,64,66,12,16,320,106,399
Canon PowerShot S200,70,57,10,8,250,87,199
Canon PowerShot S230,70,47,10,16,250,87,199
Canon PowerShot S2 IS,432,50,10,16,505,113,399
Canon PowerShot S30,105,80,10,16,323,112,399
Canon PowerShot S300,105,76,16,8,270,95,199
Canon PowerShot S330,105,76,16,8,274,95,199
Canon PowerShot S3 IS,432,50,10,16,510,113,399
Canon PowerShot S40,105,80,10,16,323,112,139
Canon PowerShot S400,108,46,5,32,230,87,139
Canon PowerShot S410,108,0,5,32,215,87,139
Canon PowerShot S45,105,50,10,32,323,112,139
Canon PowerShot S50,105,50,10,32,323,112,399
Canon PowerShot S500,108,0,5,32,215,87,149
Canon PowerShot S5 IS,432,50,10,32,550,117,399
Canon PowerShot S60,100,50,4,32,300,114,399
Canon PowerShot S70,100,50,4,32,300,114,399
Canon PowerShot S80,100,50,4,32,290,104,399
Canon PowerShot SD10,38,0,3,32,140,90,199
Canon PowerShot SD100,70,47,10,16,185,85,199
Canon PowerShot SD1000,105,0,5,32,175,86,199
Canon PowerShot SD110,70,0,10,16,195,85,199
Canon PowerShot SD20,39,0,3,32,140,90,199
Canon PowerShot SD200,105,0,3,16,135,86,199
Canon PowerShot SD30,90,0,10,16,120,96,199
Canon PowerShot SD300,105,0,3,16,147,86,199
Canon PowerShot SD40,90,0,10,16,120,96,199
Canon PowerShot SD400,105,0,3,16,150,86,199
Canon PowerShot SD430 Wireless,105,0,3,16,185,99,199
Canon PowerShot SD450,105,0,3,16,155,86,199
Canon PowerShot SD500,111,0,5,32,200,90,199
Canon PowerShot SD550,111,0,5,32,185,90,199
Canon PowerShot SD600,105,30,3,16,170,86,199
Canon PowerShot SD630,105,30,3,16,175,90,199
Canon PowerShot SD700 IS,140,45,2,16,195,90,384
Canon PowerShot SD750,105,0,5,32,170,92,384
Canon PowerShot SD800 IS,105,0,3,16,195,90,384
Canon PowerShot SD850 IS,140,45,2,32,195,90,384
Canon PowerShot SD870 IS,105,45,2,32,165,93,384
Canon PowerShot SD900,111,0,5,32,205,91,199
Canon PowerShot SD950 IS,133,50,5,32,205,96,384
Canon PowerShot SX100 IS,360,50,1,32,316,109,299
Canon PowerShot TX1,390,50,10,0,260,89,139
Casio Exilim EX-P505,190,40,1,7,275,99,249
Casio Exilim EX-P600,132,40,10,9,275,98,249
Casio Exilim EX-P700,132,40,10,9,275,98,249
Casio Exilim EX-S100,102,40,17,9,123,88,249
Casio Exilim EX-S20,35,80,30,10,100,83,249
Casio Exilim EX-S3,35,80,80,10,110,90,249
Casio Exilim EX-S500,114,40,17,8,125,90,249
Casio Exilim EX-S600,114,40,15,8,155,90,249
Casio Exilim EX-S600d,114,40,15,8,155,90,249
Casio Exilim EX-S880,114,50,15,10,138,94.5,249
Casio Exilim EX-V7,266,30,10,11,190,96,299
Casio Exilim EX-V8,266,40,10,11,199,96,299
Casio Exilim EX-Z10,114,40,6,8,154,90,329
Casio Exilim EX-Z1000,114,40,6,8,185,92,329
Casio Exilim EX-Z1050,114,40,10,15,165,91,329
Casio Exilim EX-Z1080,114,40,10,11,165,91,329
Casio Exilim EX-Z110,114,40,6,8,151,90,329
Casio Exilim EX-Z120,114,50,10,8,154,90,329
Casio Exilim EX-Z1200 SR,111,40,6,11,162,93,329
Casio Exilim EX-Z3,105,40,6,16,170,87,329
Casio Exilim EX-Z30,105,40,6,9,150,87,329
Casio Exilim EX-Z4,105,40,6,16,170,87,329
Casio Exilim EX-Z40,105,40,6,9,150,87,329
Casio Exilim EX-Z5,114,40,10,8,160,95,329
Casio Exilim EX-Z50,105,50,6,9,171,87,329
Casio Exilim EX-Z500,114,40,17,8,127,89,329
Casio Exilim EX-Z55,105,50,6,9,180,87,329
Casio Exilim EX-Z57,105,40,6,9,175,89,199
Casio Exilim EX-Z60,114,40,10,8,148,95,329
Casio Exilim EX-Z70,114,40,10,8,140,95,199
Casio Exilim EX-Z700,114,40,15,8,154,89,329
Casio Exilim EX-Z75,114,40,10,8,156,95,199
Casio Exilim EX-Z750,114,40,10,9,165,89,329
Casio Exilim EX-Z77,114,40,10,11,128,95,199
Casio Exilim EX-S770,114,40,15,6,176,95,249
Casio Exilim EX-Z850,114,40,10,8,185,89,249
Casio GV-10,35,60,10,8,320,101,249
Casio GV-20,35,60,10,8,320,101,249
Casio QV-2000UX,108,50,20,8,320,130,249
Casio QV-2100,41,80,20,16,260,108,249
Casio QV-2300UX,123,10,1,8,245,67,249
Casio QV-2400UX,123,10,1,8,245,67,249
Casio QV-2800UX,320,40,1,8,295,81,249
Casio QV-2900UX,320,40,1,8,295,81,249
Casio QV-3EX,41,50,10,16,245,115,249
Casio QV-300,106,60,9,4,290,162,249
Casio QV-3000EX,100,30,6,16,360,134,249
Casio QV-3500EX,100,30,6,16,360,134,249
Casio QV-4000,102,30,6,16,420,118,249
Casio QV-5000SX,35,30,10,8,320,147,249
Casio QV-5500SX,36,30,10,8,320,131,249
Casio QV-5700,102,30,6,16,420,118,249
Casio QV-700,38,70,14,4,290,147,249
Casio QV-7000SX,64,23,10,8,320,141,249
Casio QV-770,38,70,14,4,300,129,249
Casio QV-8000SX,320,40,1,8,320,141,249
Casio QV-R3,113,40,14,11,240,90,249
Casio QV-R4,113,40,14,11,240,90,249
Casio QV-R40,117,60,10,11,210,88,249
Casio QV-R41,117,60,10,9,198,88,249
Casio QV-R51,117,60,10,9,210,88,249
Casio QV-R61,117,70,10,9,218,88,249
Casio QV-R62,117,70,10,9,218,88,249
Contax N Digital,0,0,0,0,0,152,549
Contax TVS Digital,105,60,15,0,260,112,549
Epson PhotoPC 800,38,50,15,8,280,113,229
Epson PhotoPC 850 Zoom,105,0,0,0,0,0,229
Epson PhotoPC L-500V,102,50,5,16,200,92,159
Epson PhotoPC 3000 Zoom,102,50,5,16,360,107,399
Epson PhotoPC 3100 Zoom,102,50,5,16,360,107,399
Epson PhotoPC 500,43,60,20,2,320,142,229
Epson PhotoPC 550,43,60,10,1,170,107,229
Epson PhotoPC 600,36,50,20,4,270,143,229
Epson PhotoPC 650,39,60,15,8,400,135,229
Epson PhotoPC 700,35,50,10,4,0,0,229
Epson PhotoPC 750 Zoom,102,80,20,8,0,0,229
Epson PhotoPC L-300,102,50,11,16,285,105,399
Epson PhotoPC L-400,102,50,11,16,285,105,129
Epson PhotoPC L-410,102,50,11,16,203,92,129
Epson R-D1,0,0,0,0,620,142,4499
Fujifilm FinePix 40i,36,50,6,64,200,85.5,169
Fujifilm FinePix 50i,36,50,6,64,200,85.5,169
Fujifilm DS-260HD,105,90,25,4,700,100,169
Fujifilm DS-300,105,20,20,0,700,153,169
Fujifilm FinePix 1300,38,80,8,8,240,110,169
Fujifilm FinePix 2300,36,80,8,8,240,110,169
Fujifilm FinePix 2400 Zoom,114,80,10,8,290,125,169
Fujifilm FinePix 2600 Zoom,114,80,10,16,260,99,169
Fujifilm FinePix 2650,114,80,8,16,235,100,169
Fujifilm FinePix 2800 Zoom,228,80,10,16,360,95,169
Fujifilm Finepix 30i,38,60,8,16,200,85,199
Fujifilm FinePix 3800,228,80,10,16,400,100,399
Fujifilm FinePix 4800 Zoom,108,60,20,16,280,80,169
Fujifilm FinePix 4900 Zoom,210,50,10,16,450,110,169
Fujifilm FinePix 6800 Zoom,108,60,20,16,280,80,169
Fujifilm FinePix 6900 Zoom,210,50,10,16,450,110,169
Fujifilm FinePix A101,36,80,8,8,190,99,169
Fujifilm FinePix A120,38,80,9,16,170,102,169
Fujifilm FinePix A200,36,80,8,16,180,99,169
Fujifilm FinePix A201,36,80,8,16,190,99,169
Fujifilm FinePix A203,114,60,10,16,180,97,169
Fujifilm FinePix A205 Zoom,108,80,10,16,225,99,169
Fujifilm FinePix A210 Zoom,108,80,10,16,225,99,169
Fujifilm FinePix A303,114,60,10,16,180,97,169
Fujifilm FinePix A310 Zoom,114,60,10,16,190,97,169
Fujifilm FinePix A330,114,60,10,16,160,104,169
Fujifilm FinePix A340,114,60,10,16,160,104,169
Fujifilm FinePix A345 Zoom,105,60,6,16,192,90,169
Fujifilm FinePix A350 Zoom,105,60,6,16,192,90,169
Fujifilm FinePix A400 Zoom,114,60,10,12,170,93,169
Fujifilm FinePix A500 Zoom,114,60,10,12,170,93,169
Fujifilm FinePix A600 Zoom,108,50,10,12,195,93,169
Fujifilm FinePix A610,117,60,10,10,195,98,169
Fujifilm FinePix A800,108,50,10,10,200,98,169
Fujifilm FinePix A820,156,60,10,10,205,98,169
Fujifilm FinePix A900,156,60,10,10,205,98,169
Fujifilm FinePix A920,156,60,10,10,206,98,169
Fujifilm FinePix E500 Zoom,91,60,6,16,226,101,169
Fujifilm FinePix E510 Zoom,91,60,2,16,226,101,169
Fujifilm FinePix E550 Zoom,130,60,7,16,260,105,169
Fujifilm FinePix E900 Zoom,128,60,7,16,260,102,169
Fujifilm FinePix F10 Zoom,108,60,8,16,190,92,179
Fujifilm FinePix F11 Zoom,108,60,5,16,190,92,199
Fujifilm FinePix F20 Zoom,108,60,5,10,190,94,169
Fujifilm FinePix F30 Zoom,108,60,5,10,185,93,169
Fujifilm FinePix F31 fd,108,60,5,26,185,93,199
Fujifilm FinePix F401 Zoom,114,60,10,16,200,85,169
Fujifilm FinePix F402,39,50,6,16,145,77,199
Fujifilm FinePix F40 fd,108,45,7,25,181,96,199
Fujifilm FinePix F410 Zoom,114,60,10,16,205,85,169
Fujifilm FinePix F420 Zoom,108,60,8,16,180,77,169
Fujifilm FinePix F440 Zoom,130,60,9,16,180,75,169
Fujifilm FinePix F450 Zoom,130,60,9,16,180,75,199
Fujifilm FinePix F455 Zoom,130,60,9,16,180,93,199
Fujifilm FinePix F470 Zoom,105,70,10,16,150,92,169
Fujifilm FinePix F480 Zoom,112,40,5,12,170,96,169
Fujifilm FinePix F50 fd,105,45,7,25,205,93,199
Fujifilm FinePix F601Z,108,60,20,16,280,72,169
Fujifilm FinePix F610,105,60,9,16,205,72,169
Fujifilm FinePix F650 Zoom,180,60,3,32,200,105,169
Fujifilm FinePix F700,105,60,9,16,205,108,169
Fujifilm FinePix F710,130,60,8,16,225,110,169
Fujifilm FinePix F810 Zoom,130,60,7,16,250,110,169
Fujifilm FinePix IS-1,300,0,0,0,750,128,169
Fujifilm FinePix M603,76,60,20,16,280,65,169
Fujifilm FinePix S20 Pro,210,50,1,16,597,121,1699
Fujifilm FinePix S3000 Z,228,80,10,16,400,100,229
Fujifilm FinePix S3500 Zoom,234,80,10,16,385,100,229
Fujifilm FinePix S5000 Z,370,90,10,16,430,113,229
Fujifilm FinePix S5100 Zoom,370,90,10,16,387,113,229
Fujifilm FinePix S5200 Zoom,380,90,1,16,470,114,229
Fujifilm FinePix S5700 Zoom,380,30,10,27,406,106,229
Fujifilm FinePix S6000 fd,300,40,10,10,700,131,399
Fujifilm FinePix S602Z,210,50,1,16,590,121,399
Fujifilm FinePix S602Z Pro,210,50,1,340,590,121,1699
Fujifilm FinePix S7000 Z,210,50,1,16,590,121,229
Fujifilm FinePix S8000 fd,486,70,10,58,510,111,399
Fujifilm FinePix S9000 Z,300,50,1,16,745,128,229
Fujifilm FinePix S9100,300,0,0,0,750,128,229
Fujifilm FinePix V10 Zoom,130,60,9,16,185,83,179
Fujifilm FinePix Z1,108,60,8,16,170,90,179
Fujifilm FinePix Z10  fd,114,60,8,54,160,91,399
Fujifilm FinePix Z2,108,60,8,16,170,90,179
Fujifilm FinePix Z3,108,60,8,10,170,89,179
Fujifilm FinePix IS Pro,0,0,0,0,920,147,1699
Fujifilm MX-1200,38,70,10,4,240,110,169
Fujifilm MX-1400,114,80,10,4,390,74,169
Fujifilm MX-1500,38,50,10,4,250,104,169
Fujifilm MX-1700,114,80,20,8,270,79,169
Fujifilm MX-2700,35,50,9,4,260,80,169
Fujifilm MX-2900 Zoom,105,90,25,8,385,130,179
Fujifilm FinePix 4700 Zoom,108,80,20,16,280,78,169
Fujifilm MX-500,35,50,9,2,220,123,169
Fujifilm MX-600 Zoom,115,90,25,4,0,122,179
Fujifilm MX-700,35,50,9,2,260,80,169
Fujifilm FinePix S1 Pro,0,0,0,16,820,148,1699
Fujifilm FinePix S2 Pro,0,0,0,0,850,142,1699
Fujifilm FinePix S3 Pro,0,0,0,0,930,148,1699
Fujifilm FinePix S5 Pro,0,0,0,0,920,147,1699
HP Photosmart 320,38,75,0,8,240,113,179
HP Photosmart 435,36,85,85,16,190,117,179
HP Photosmart 620,102,20,20,8,280,120,179
HP Photosmart 635,114,80,10,16,240,240,179
HP Photosmart 715,102,60,20,16,320,127,179
HP Photosmart 720,102,20,20,16,340,118,179
HP Photosmart 735,114,0,0,16,290,105,179
HP Photosmart 812,111,50,14,0,245,95,179
HP Photosmart 850,300,50,10,0,489,114,179
HP Photosmart 935,111,50,14,32,260,97,179
HP Photosmart 945,300,50,10,32,500,123,179
HP Photosmart C20,39,60,20,4,300,127,179
HP Photosmart C200,35,60,20,8,300,126,179
HP Photosmart C215,43,60,10,4,290,124,179
HP Photosmart C30,35,60,20,4,300,126,179
HP Photosmart C315,38,30,30,8,280,128,179
HP Photosmart C500,115,0,0,16,410,153,179
HP Photosmart C618,108,50,10,16,630,144,179
HP Photosmart C912,108,50,10,16,150,99,179
HP Photosmart E317,35,60,10,16,231,95,179
HP Photosmart E327,35,60,0,16,170,96,179
HP Photosmart E337,36,100,0,16,170,96,179
HP Photosmart M22,36,0,0,16,172,109,179
HP Photosmart M23,36,0,10,16,172,109,179
HP Photosmart M307,111,80,10,16,177,107,179
HP Photosmart M407,111,50,10,16,190,95,179
HP Photosmart M417,108,50,12,16,181,96,179
HP Photosmart M425,114,50,12,32,172,109,179
HP Photosmart M437,114,50,10,16,190,95,179
HP Photosmart M517,108,80,12,16,190,97,179
HP Photosmart M525,114,50,12,16,192,96,179
HP Photosmart M527,114,50,12,16,227,99,179
HP Photosmart M537,114,50,0,32,157,90,179
HP Photosmart Mz67,210,0,14,32,157,90,179
HP Photosmart R507,105,50,6,32,205,96,179
HP Photosmart R607,105,50,14,32,205,96,179
HP Photosmart R707,117,50,14,32,150,93,179
HP Photosmart R717,117,50,10,32,150,93,179
HP Photosmart R725,118,50,10,32,136,94,179
HP Photosmart R727,118,50,5,32,190,91,179
HP Photosmart R742,108,50,3,32,190,91,179
HP Photosmart R817,180,20,3,32,205,100,179
HP Photosmart R818,180,20,1,32,200,96,179
HP Photosmart R837,118,50,12,32,227,105,179
HP Photosmart R927,105,50,10,,,,179
HP Photosmart R937,118,50,,,,,179
JVC GC-QX3HD,86,50,2,8,320,111,14
JVC GC-QX5HD,86,50,2,16,320,111,14
Kodak C300,37,80,0,16,198,104,129
Kodak C310,35,85,85,16,154,103,129
Kodak C330,102,60,13,16,180,91,129
Kodak C340,102,60,13,16,198,92,129
Kodak C360,102,60,7,32,170,84,129
Kodak C433,108,60,10,16,180,91,126
Kodak C513,108,60,13,16,188,91,126
Kodak C533,111,60,10,16,200,91,126
Kodak C613,108,60,13,16,187,91,126
Kodak C643,108,60,13,22,195,92,126
Kodak C653,108,60,10,22,195,89,126
Kodak C663,102,60,5,32,190,85,126
Kodak C743,111,60,13,32,195,92,126
Kodak C763,105,60,5,32,180,90,126
Kodak C875,185,60,10,32,225,91,126
Kodak CX4200,37,75,20,16,250,109,129
Kodak CX4230,108,50,10,16,280,115,129
Kodak CX4300,76,30,15,16,250,109,126
Kodak CX6200,37,50,50,8,195,104,129
Kodak CX6230,108,50,50,16,225,104,129
Kodak CX6330,111,60,60,16,225,103,126
Kodak CX7220,78,50,60,16,195,104,129
Kodak CX7300,37,80,0,16,162,104,126
Kodak CX7330,111,60,13,16,225,103,126
Kodak CX7430,102,60,10,16,198,103,126
Kodak CX7530,102,60,10,32,240,103,126
Kodak DC200,39,70,0,4,400,131,129
Kodak DC200 plus,39,70,0,4,400,131,129
Kodak DC210 plus,58,50,20,8,400,131,129
Kodak DC215,58,50,20,4,320,115,129
Kodak DC220,58,50,20,8,550,118,129
Kodak DC240,117,50,25,8,420,133,129
Kodak DC260,115,30,0,8,550,118,129
Kodak DC265,115,30,0,16,550,118,129
Kodak DC280,60,50,25,20,420,133,129
Kodak DC290,115,30,0,20,550,118,129
Kodak DC3200,39,60,0,2,240,113,129
Kodak DC3400,76,50,25,20,420,133,129
Kodak DC3800,33,50,20,0,200,95,129
Kodak DC4800,84,50,20,16,320,120,129
Kodak DC5000,60,50,20,16,459,140,126
Kodak DCS 14n,0,0,0,0,1000,131,129
Kodak DCS315,0,0,0,0,1800,137,126
Kodak DCS330,0,0,0,0,1080,137,126
Kodak DCS420,0,0,0,0,1700,170,129
Kodak DCS460,0,0,0,0,1700,170,129
Kodak DCS520,0,0,0,0,1650,161,129
Kodak DCS560,0,0,0,0,1650,161,129
Kodak DCS620,0,0,0,0,1580,194,129
Kodak DCS620x,0,0,0,0,1580,194,129
Kodak DCS660,0,0,0,0,1580,194,129
Kodak DCS720x,0,0,0,0,1580,194,129
Kodak DCS760,0,0,0,0,1860,194,129
Kodak DCS SLR/c,0,0,0,0,1000,137,129
Kodak DCS SLR/n,0,0,0,0,1000,131,129
Kodak DX3215,60,75,22,8,260,121,129
Kodak DX3500,38,75,22,8,225,120,129
Kodak DX3600,70,50,28,8,250,120,129
Kodak DX3700,37,50,15,8,250,150,129
Kodak DX3900,70,50,7,8,260,116,129
Kodak DX4330,114,60,7,16,260,111,126
Kodak DX4530,114,60,7,32,210,111,126
Kodak DX4900,70,50,7,16,260,116,129
Kodak DX6340,144,50,10,16,280,109,126
Kodak DX6440,132,50,10,16,270,109,129
Kodak DX6490,380,60,12,16,380,100,129
Kodak DX7440,132,50,10,32,270,100,129
Kodak DX7590,380,60,12,32,400,97,126
Kodak DX7630,117,60,7,32,270,100,126
Kodak Easyshare One,100,60,10,256,275,103,296
Kodak LS420,38,80,0,8,160,109,129
Kodak LS443,105,70,13,16,260,109,129
Kodak LS633,111,60,13,16,260,114,126
Kodak LS743,100,60,12,16,220,108,126
Kodak LS753,108,60,12,32,220,108,126
Kodak LS755,108,70,5,16,210,95,126
Kodak M753,111,40,7,16,165,93,126
Kodak M853,111,40,7,16,165,93,146
Kodak M873,114,70,10,32,160,92,146
Kodak M883,114,70,10,64,166,92,146
Kodak mc3,37,70,0,16,198,105,129
Kodak P712,432,50,10,32,440,108,126
Kodak P850,432,10,10,32,450,108,146
Kodak P880,140,10,5,32,570,116,146
Kodak V1003,108,60,5,24,185,103,129
Kodak V530,108,60,7,16,150,92,126
Kodak V550,108,60,7,32,160,94,126
Kodak V570,117,0,0,32,175,101,129
Kodak V610,380,0,0,32,195,111,129
Kodak V705,117,60,5,32,165,101,126
Kodak V803,108,60,5,24,185,103,146
Kodak Z1275,175,60,10,64,211,90,129
Kodak Z612,420,50,10,32,330,104,129
Kodak Z650,380,60,12,32,320,98,126
Kodak Z700,175,60,10,16,270,97,126
Kodak Z710,380,60,12,32,360,98,126
Kodak Z712,423,60,13,32,350,104,126
Kodak Z730,132,50,10,32,270,100,126
Kodak Z740,380,60,12,32,330,98,126
Kodak Z7590,380,60,12,32,400,97,126
Kodak Z760,117,60,7,32,259,100,126
Kodak Z885,180,60,7,32,211,90,146
Kyocera Finecam 3300,76,60,10,8,240,38,169
Kyocera Finecam L30,115,60,20,16,220,111,169
Kyocera Finecam L3V,115,60,20,16,220,112,169
Kyocera Finecam L4V,105,60,20,16,220,112,199
Kyocera Finecam M400R,370,60,10,0,340,107,169
Kyocera Finecam M410R,370,60,10,0,340,107,179
Kyocera Finecam S3,76,30,6,16,160,30,1699
Kyocera Finecam S3L,105,55,12,16,205,92,1699
Kyocera Finecam S3R,105,60,17,16,205,92,1699
Kyocera Finecam S3x,105,55,12,16,175,32,1699
Kyocera Finecam S4,105,55,12,16,175,32,1699
Kyocera Finecam S5,105,55,12,16,205,92,1699
Kyocera Finecam S5R,105,60,17,16,205,92,1699
Kyocera Finecam SL300R,115,60,20,16,175,100,229
Kyocera Finecam SL400R,115,60,20,16,155,100,229
Leica C-LUX 1,102,50,5,16,155,94,509
Leica Digilux,35,50,9,2,260,80,149
Leica Digilux 1,100,30,6,32,455,127,249
Leica Digilux 2,90,30,30,64,705,135,249
Leica Digilux 3,0,0,0,0,606,146,269
Leica Digilux 4.3,108,80,20,16,280,78,149
Leica Digilux Zoom,114,80,20,8,270,79,249
Leica D-LUX 2,112,50,5,32,220,106,509
Leica D-LUX 3,112,50,5,13,220,106,509
Leica M8,0,0,0,0,591,139,146
Leica V-LUX 1,420,30,5,32,734,141,509
Nikon Coolpix 100,52,23,14,1,200,60,229
Nikon Coolpix 2000,114,0,0,8,295,108,229
Nikon Coolpix 2100,108,30,4,8,215,88,99
Nikon Coolpix 2200,108,30,4,14,190,88,229
Nikon Coolpix 2500,111,30,4,8,250,114,229
Nikon Coolpix 300,45,23,14,4,250,78,229
Nikon Coolpix 3100,115,30,4,16,215,88,99
Nikon Coolpix 3200,115,30,4,14,190,88,229
Nikon Coolpix 3500,111,30,4,8,250,114,229
Nikon Coolpix 3700,105,30,3,16,162,95.5,229
Nikon Coolpix 4100,105,0,0,14,190,88,99
Nikon Coolpix 4200,114,30,4,12,180,88,229
Nikon Coolpix 4300,114,30,4,16,286,95,229
Nikon Coolpix 4500,155,30,2,16,374,130,229
Nikon Coolpix 4600,102,30,4,14,180,85,229
Nikon Coolpix 4800,300,40,1,13,295,106,229
Nikon Coolpix 5000,85,50,2,32,414,102,229
Nikon Coolpix 5200,114,30,4,12,180,88,229
Nikon Coolpix 5400,116,50,1,16,400,108,229
Nikon Coolpix 5600,102,30,4,14,180,85,229
Nikon Coolpix 5700,280,50,3,32,512,108,229
Nikon Coolpix 5900,114,30,4,13,185,88,229
Nikon Coolpix 600,36,50,14,8,220,110,229
Nikon Coolpix 700,35,30,9,8,340,114,229
Nikon Coolpix 7600,114,30,4,14,195,85,229
Nikon Coolpix 775,115,30,4,8,230,87,159
Nikon Coolpix 7900,114,30,4,13,185,88,229
Nikon Coolpix 800,76,30,7,8,360,119,229
Nikon Coolpix 8400,85,50,3,0,470,113,229
Nikon Coolpix 8700,280,50,3,0,512,113,229
Nikon Coolpix 880,95,40,4,8,320,99.5,229
Nikon Coolpix 8800,350,50,3,0,680,116,229
Nikon Coolpix 885,114,40,4,16,286,95,159
Nikon Coolpix 900,115,50,20,4,420,157,229
Nikon Coolpix 900S,115,50,20,8,420,157,229
Nikon Coolpix 950,115,30,2,8,480,143,229
Nikon Coolpix 990,115,30,2,16,450,143,229
Nikon Coolpix 995,152,30,2,16,420,138,159
Nikon Coolpix L1,190,50,4,10,195,90,99
Nikon Coolpix L10,112,40,15,7,165,90,99
Nikon Coolpix L11,112,40,15,7,175,90,99
Nikon Coolpix L12,105,50,15,21,175,91,99
Nikon Coolpix L14,114,60,10,23,225,91,129
Nikon Coolpix L15,105,50,15,32,225,91,159
Nikon Coolpix L2,116,30,10,23,170,91,99
Nikon Coolpix L3,116,30,10,23,170,91,99
Nikon Coolpix L4,114,30,4,10,165,87,99
Nikon Coolpix L5,190,50,4,8,210,97,99
Nikon Coolpix L6,116,30,10,23,175,91,99
Nikon Coolpix P1,126,50,4,32,185,91,99
Nikon Coolpix P2,126,50,4,16,185,91,229
Nikon Coolpix P3,126,30,4,23,200,92,229
Nikon Coolpix P4,126,30,4,23,200,92,229
Nikon Coolpix P50,102,50,5,52,210,95,229
Nikon Coolpix P5000,126,30,4,26,240,98,399
Nikon Coolpix P5100,123,30,4,52,250,98,399
Nikon Coolpix S1,105,30,4,12,170,90,99
Nikon Coolpix S10,380,30,4,16,280,113,99
Nikon Coolpix S2,105,30,4,12,160,92,199
Nikon Coolpix S200,114,60,10,20,165,92,229
Nikon Coolpix S3,105,30,4,12,132,90,199
Nikon Coolpix S4,380,30,6,13,225,112,199
Nikon Coolpix S5,105,30,4,21,165,93,229
Nikon Coolpix S50,114,30,4,13,165,88,229
Nikon Coolpix S500,105,50,15,26,165,88,229
Nikon Coolpix S50c,114,30,4,13,165,88,329
Nikon Coolpix S51,114,30,4,13,175,93,279
Nikon Coolpix S510,105,50,15,52,125,88,399
Nikon Coolpix S51c,114,30,4,13,175,98,329
Nikon Coolpix S6,105,30,4,20,170,101,199
Nikon Coolpix S7c,105,30,4,14,170,101,199
Nikon Coolpix S9,114,25,4,24,165,91,199
Nikon Coolpix SQ,111,30,4,16,216,83,199
Nikon D1,0,0,0,0,1200,157,1599
Nikon D100,0,0,0,0,780,144,1599
Nikon D1H,0,0,0,0,1200,157,1599
Nikon D1X,0,0,0,0,1200,157,4699
Nikon D200,0,0,0,0,920,147,1599
Nikon D2H,0,0,0,0,1200,158,1599
Nikon D2Hs,0,0,0,0,1200,158,4699
Nikon D2X,0,0,0,0,1200,158,4699
Nikon D2Xs,0,0,0,0,1200,158,4699
Nikon D3,0,0,0,0,1300,160,4999
Nikon D300,0,0,0,0,925,147,1799
Nikon D40,0,0,0,0,522,124,549
Nikon D40X,0,0,0,0,522,124,549
Nikon D50,0,0,0,0,620,133,1599
Nikon D70,0,0,0,0,679,140,1599
Nikon D70s,0,0,0,0,679,140,1599
Nikon D80,0,0,0,0,668,132,1199
Olympus C-1,35,50,10,8,190,110,1699
Olympus D-370,35,60,25,1,190,123,1699
Olympus D-380,35,60,25,8,250,123,1699
Olympus D-150Z,114,50,20,8,190,110,1699
Olympus C-2,36,50,10,16,220,110,1699
Olympus C-2000 Zoom,105,80,20,8,380,108,129
Olympus D-510 Zoom,105,80,20,8,250,118,129
Olympus C-2020 Zoom,105,80,20,8,380,108,129
Olympus C-2040 Zoom,120,80,20,8,380,108,129
Olympus C-21,38,60,15,8,190,107,1699
Olympus C-2100 UZ,380,60,10,8,540,113,129
Olympus C-2500 L,110,80,2,32,530,109,129
Olympus C-3000 Zoom,96,80,20,8,380,109,1699
Olympus C-300 Zoom,100,80,20,16,300,118,1699
Olympus C-3020 Zoom,96,80,20,8,380,109,1699
Olympus C-3030 Zoom,96,80,20,16,380,109,1699
Olympus C-3040 Zoom,105,80,20,16,420,109,1699
Olympus C-4000 Zoom,96,80,2,16,400,110,129
Olympus C-4040 Zoom,105,80,20,16,420,110,129
Olympus D-40 Zoom,98,80,10,16,270,87,1699
Olympus C-5000 Zoom,114,50,4,32,280,105,449
Olympus C-5050 Zoom,105,80,20,32,480,114,449
Olympus C-5060 Zoom,110,80,3,32,480,116,449
Olympus C-50 Zoom,114,50,20,32,230,100,449
Olympus C-5500 Sport Zoom,190,60,8,16,340,110,129
Olympus C-60 Zoom,114,40,4,32,230,99,449
Olympus C-7000 Zoom,190,60,2,32,280,102,129
Olympus C-700 UZ,380,60,10,8,340,108,449
Olympus C-7070 Wide Zoom,110,80,3,32,480,116,129
Olympus C-720 UZ,320,60,10,16,340,108,449
Olympus C-730 UZ,380,60,10,16,400,108,449
Olympus C-740 UZ,380,60,3,16,340,108,449
Olympus C-750 UZ,380,60,3,16,340,108,449
Olympus C-765 UZ,380,60,7,16,310,105,449
Olympus C-770 UZ,380,60,7,32,310,105,449
Olympus C-8080 Wide Zoom,140,80,5,32,724,124,179
Olympus D-200L,36,75,20,2,320,145,129
Olympus D-300L,36,50,20,6,320,145,1699
Olympus D-340L,36,70,10,4,320,128,1699
Olympus D-340R,36,70,10,8,320,128,1699
Olympus D-360L,36,50,10,8,280,128,1699
Olympus D-390,35,50,20,16,230,108,1699
Olympus D-395,33,50,20,16,210,110,1699
Olympus D-400 Zoom,105,80,20,8,320,127,129
Olympus D-425,37,50,20,14,170,101,1699
Olympus D-435,35,50,20,0,140,101,1699
Olympus D-450 Zoom,105,80,20,8,320,127,129
Olympus D-460 Zoom,105,80,20,8,320,127,449
Olympus D-490 Zoom,105,80,20,8,320,127,129
Olympus D-500L,150,60,30,2,490,115,449
Olympus D-520 Zoom,105,50,20,8,220,112,449
Olympus D-535 Zoom,114,50,2,12,190,88,449
Olympus D-540 Zoom,114,50,2,16,200,100,449
Olympus D-545 Zoom,114,50,2,14,190,106,449
Olympus D-560 Zoom,105,50,20,16,220,108,449
Olympus D-580 Zoom,105,50,7,16,210,108,179
Olympus D-595 Zoom,114,50,2,14,190,105,449
Olympus D-600L,110,60,30,4,0,115,1699
Olympus D-620L,110,60,30,8,520,115,1699
Olympus D-630 Zoom,105,60,10,14,175,94,129
Olympus E-1,0,0,0,0,735,141,1699
Olympus E-10,140,60,20,0,1190,129,1699
Olympus E-100 RS,380,60,10,16,603,108,129
Olympus E-20,140,60,20,16,1190,129,1699
Olympus E-3,0,0,0,0,800,142,1699
Olympus E-300,0,0,0,0,624,147,1699
Olympus E-330,0,0,0,0,616,140,1699
Olympus E-400,0,0,0,0,435,130,1699
Olympus E-410,0,0,0,0,435,130,1699
Olympus E-500,0,0,0,0,479,130,1699
Olympus E-510,0,0,0,0,490,136,1699
Olympus FE-100,106,50,5,28,160,88,129
Olympus FE-110,106,50,5,28,160,88,129
Olympus FE-115,106,50,2,28,160,88,129
Olympus FE-120,114,50,5,14,160,106,129
Olympus FE-130,114,10,5,22,160,96,129
Olympus FE-140,114,10,5,22,160,96,129
Olympus FE-150,96,50,6,9,175,90,129
Olympus FE-170,114,0,0,10,175,90,129
Olympus FE-180,114,0,0,10,170,88,179
Olympus FE-190,114,0,0,22,150,91,129
Olympus FE-200,140,0,0,24,195,98,129
Olympus FE-210,114,60,10,9,175,90,129
Olympus FE-230,114,60,10,20,145,91,129
Olympus FE-240,190,70,10,20,145,91,129
Olympus FE-250,105,60,10,20,155,94,129
Olympus FE-270,114,60,5,6,122,90,129
Olympus FE-280,108,60,5,48,108,92,179
Olympus FE-290,112,40,5,6,142,98,129
Olympus FE-300,105,60,10,48,115,94,129
Olympus IR-300,114,50,5,15,160,99,129
Olympus Stylus 300 ,105,50,20,16,220,99,229
Olympus Stylus 400 ,105,50,20,16,220,99,229
Olympus SP-310,114,20,5,32,230,100,449
Olympus SP-320,114,20,2,25,230,100,449
Olympus SP-350,114,20,5,32,245,100,449
Olympus SP-500 UZ,380,60,3,10,385,106,449
Olympus SP-510 UZ,380,60,3,0,410,106,449
Olympus SP-550 UZ,504,10,1,20,460,116,449
Olympus SP-560 UZ,486,10,1,47,365,116,449
Olympus SP-700,114,30,10,11,180,98,449
Olympus Stylus 1000,105,60,10,0,195,97,229
Olympus Stylus 1200,105,60,10,47,125,98,249
Olympus Stylus 410 ,105,50,20,16,200,99,229
Olympus Stylus 500 ,105,50,7,32,200,99,229
Olympus Stylus 600 ,105,50,7,8,195,97,229
Olympus Stylus 700 ,111,60,8,19,140,95,229
Olympus Stylus 720 SW ,111,60,8,19,190,95,299
Olympus Stylus 725 SW,114,60,2,19,190,91,299
Olympus Stylus 730,114,50,7,22,190,96,229
Olympus Stylus 740,180,70,3,17,160,96,229
Olympus Stylus 750,180,70,3,17,170,96,229
Olympus Stylus 760,111,60,8,18,160,99,229
Olympus Stylus 770 SW,114,50,7,18,195,92,299
Olympus Stylus 780,180,70,3,18,195,100,299
Olympus Stylus 790 SW,114,50,7,14,155,92,299
Olympus Stylus 800 ,114,50,3,19,200,103,249
Olympus Stylus 810 ,105,60,10,28,185,97,249
Olympus Stylus 820,180,70,3,47,125,96,249
Olympus Stylus 830,180,70,3,14,125,100,249
Olympus Stylus Verve ,70,50,8,16,165,95,229
Olympus Stylus Verve  S,70,50,8,16,165,95,299
Panasonic Lumix DMC-F7,70,50,10,8,200,104,1499
Panasonic Lumix DMC-FX01,102,50,5,16,155,94,1499
Panasonic Lumix DMC-FX07,102,50,5,0,170,94,1499
Panasonic Lumix DMC-FX1,105,50,10,16,185,0,1499
Panasonic Lumix DMC-FX10,105,50,5,27,155,94,1499
Panasonic Lumix DMC-FX100,100,50,5,27,150,54,1499
Panasonic Lumix DMC-FX12,105,50,5,27,155,94,1499
Panasonic Lumix DMC-FX2,105,50,5,16,148,94,1499
Panasonic Lumix DMC-FX3,105,50,5,13,165,94,299
Panasonic Lumix DMC-FX30,100,50,5,27,162,95,299
Panasonic Lumix DMC-FX33,100,50,5,27,154,95,299
Panasonic Lumix DMC-FX5,105,50,10,16,185,0,1499
Panasonic Lumix DMC-FX50,102,50,5,0,190,98,1499
Panasonic Lumix DMC-FX55,100,50,5,27,165,95,1499
Panasonic Lumix DMC-FX7,105,50,5,16,153,94,1499
Panasonic Lumix DMC-FX8,105,50,5,16,155,94,1499
Panasonic Lumix DMC-FX9,105,50,5,16,155,94,1499
Panasonic Lumix DMC-FZ1,420,30,3,8,354,125,149
Panasonic Lumix DMC-FZ10,420,30,5,16,550,87,149
Panasonic Lumix DMC-FZ18,504,30,1,27,407,118,149
Panasonic Lumix DMC-FZ2,420,30,5,0,350,114,149
Panasonic Lumix DMC-FZ20,432,30,5,16,556,87,149
Panasonic Lumix DMC-FZ3,420,30,5,16,326,108,299
Panasonic Lumix DMC-FZ30,420,30,5,32,740,141,299
Panasonic Lumix DMC-FZ4,420,50,5,8,326,102,149
Panasonic Lumix DMC-FZ5,432,50,5,16,326,108,149
Panasonic Lumix DMC-FZ50,420,30,5,32,734,141,149
Panasonic Lumix DMC-FZ7,432,30,5,16,340,113,149
Panasonic Lumix DMC-FZ8,432,30,5,27,340,113,149
Panasonic Lumix DMC-L1,0,0,0,0,606,146,1499
Panasonic Lumix DMC-L10,0,0,0,0,556,135,1499
Panasonic Lumix DMC-LC1,90,30,30,16,705,135,1499
Panasonic Lumix DMC-LC20,105,50,15,8,290,99,1499
Panasonic Lumix DMC-LC33,105,50,10,32,215,96,1499
Panasonic Lumix DMC-LC40,100,30,6,16,420,104,1499
Panasonic Lumix DMC-LC43,105,50,10,32,215,96,1499
Panasonic Lumix DMC-LC5,100,30,6,32,435,128,1499
Panasonic Lumix DMC-LC50,105,50,10,16,210,65,1499
Panasonic Lumix DMC-LC70,105,50,10,16,210,65,1499
Panasonic Lumix DMC-LC80,105,50,10,16,207,88,1499
Panasonic Lumix DMC-LS1,105,50,5,14,188,94,1499
Panasonic Lumix DMC-LS2,105,50,5,14,188,111,1499
Panasonic Lumix DMC-LS60,105,50,5,27,188,94,149
Panasonic Lumix DMC-LS75,105,50,5,27,188,94,1499
Panasonic Lumix DMC-LX1,112,50,5,32,220,106,1499
Panasonic Lumix DMC-LX2,112,50,5,13,220,106,1499
Panasonic Lumix DMC-LZ1,222,50,5,14,224,101,149
Panasonic Lumix DMC-LZ2,222,50,5,14,224,101,149
Panasonic Lumix DMC-LZ3,222,50,5,14,230,100,149
Panasonic Lumix DMC-LZ5,222,50,5,14,230,100,149
Panasonic Lumix DMC-LZ6,222,50,5,27,230,99,149
Panasonic Lumix DMC-LZ7,222,50,5,27,234,99,149
Panasonic Lumix DMC-TZ1,350,40,5,13,250,112,299
Panasonic Lumix DMC-TZ2,280,50,5,13,260,105,299
Panasonic Lumix DMC-TZ3,280,50,5,13,280,105,299
Pentax EI-100,42,60,30,8,240,105,509
Pentax EI-200,108,50,10,16,390,128,509
Pentax EI-2000,108,50,10,16,630,144,509
Pentax *ist D,0,0,0,0,650,129,799
Pentax *ist DL,0,0,0,0,565,125,799
Pentax *ist DL2,0,0,0,0,565,125,799
Pentax *ist DS,0,0,0,0,605,125,799
Pentax *ist DS2,0,0,0,0,605,125,799
Pentax K100D,0,0,0,0,660,129,509
Pentax K100D Super,0,0,0,0,646,129,509
Pentax K10D,0,0,0,0,793,142,799
Pentax K110D,0,0,0,0,585,129,509
Pentax Optio 230,114,50,10,16,230,104,269
Pentax Optio 30,114,50,2,16,180,94,149
Pentax Optio 330,111,40,14,16,240,92,269
Pentax Optio 330GS,114,4,5,16,230,104,269
Pentax Optio 330RS,111,40,14,16,240,92,269
Pentax Optio 33L,114,40,10,16,225,105,269
Pentax Optio 33LF,114,40,10,12,225,109,269
Pentax Optio 33WR,104,30,1,16,208,82,269
Pentax Optio 430,111,40,14,16,240,92,269
Pentax Optio 430RS,111,40,14,16,240,92,269
Pentax Optio 43WR,104,30,1,16,200,82,269
Pentax Optio 450,187,60,2,16,250,100,149
Pentax Optio 50,96,50,6,12,180,91,149
Pentax Optio 550,187,60,2,16,250,100,149
Pentax Optio 555,187,60,2,16,250,100,149
Pentax Optio 60,108,50,5,12,200,91,149
Pentax Optio 750Z,187,60,2,32,255,100,149
Pentax Optio A10,114,35,6,24,145,89,249
Pentax Optio A20,114,35,6,22,145,89,149
Pentax Optio A30,114,35,6,22,145,89,269
Pentax Optio E10,102,50,5,10,180,87,149
Pentax Optio E20,102,50,5,13,180,90,149
Pentax Optio E30,108,50,15,11,190,95,149
Pentax Optio E40,112,40,15,10,175,94,149
Pentax Optio M10,105,70,10,22,170,89,249
Pentax Optio M20,114,40,5,22,180,94,149
Pentax Optio M30,114,40,10,22,120,97,269
Pentax Optio M40,108,40,5,21,136,97,149
Pentax Optio MX4,370,40,10,16,375,73,149
Pentax Optio S,105,40,6,16,115,83,149
Pentax Optio S10,114,35,6,22,116,86,249
Pentax Optio S30,114,40,6,11,175,89,269
Pentax Optio S4,105,40,6,11,115,83,149
Pentax Optio S40,105,40,6,11,175,89,149
Pentax Optio S45,107,40,6,11,155,89,149
Pentax Optio S4i,105,40,6,10,120,84,149
Pentax Optio S50,107,40,6,11,180,89,149
Pentax Optio S55,107,40,6,11,155,89,149
Pentax Optio S5i,107,40,6,10,120,84,149
Pentax Optio S5n,107,40,6,9,120,84,149
Pentax Optio S5z,107,40,6,9,120,83,149
Pentax Optio S6,112,40,15,23,120,86,149
Pentax Optio S60,106,40,6,11,135,89,149
Pentax Optio S7,112,40,15,23,120,86,149
Pentax Optio SV,180,60,3,32,165,91,149
Pentax Optio SVi,180,60,3,32,165,91,149
Pentax Optio T10,112,40,15,12,155,95,249
Pentax Optio T20,112,40,15,12,155,95,149
Pentax Optio T30,112,40,15,20,155,95,269
Pentax Optio W10,114,40,1,10,160,107,269
Pentax Optio W20,114,40,1,21,150,107,269
Pentax Optio W30,114,40,1,21,155,108,269
Pentax Optio WP,114,40,1,10,135,102,269
Pentax Optio WPi,114,40,1,10,135,102,269
Pentax Optio X,107,40,6,14,145,112,149
Pentax Optio Z10,266,40,8,0,0,94,249
Ricoh Caplio 500G,85,30,1,26,450,133,229
Ricoh Caplio R1V,135,30,1,12,195,100,99
Ricoh Caplio R2,135,30,1,28,195,100,99
Ricoh Caplio R3,200,30,1,26,165,95,99
Ricoh Caplio R30,160,30,1,28,180,95,99
Ricoh Caplio R4,200,30,1,26,165,95,99
Ricoh Caplio R40,160,30,1,26,165,95,199
Ricoh Caplio R5,200,30,1,26,165,96,99
Ricoh Caplio R6,200,30,1,54,165,100,99
Ricoh Caplio R7,200,30,1,24,135,100,99
Ricoh Caplio RR530,96,30,1,12,190,91,399
Ricoh Caplio RR630,108,50,6,12,200,91,399
Ricoh Caplio G3,105,30,1,8,230,124,99
Ricoh GR Digital,28,30,2,26,200,107,4999
Ricoh Caplio GX100,72,30,1,26,260,112,399
Ricoh Caplio GX8,85,30,1,26,260,114,99
Ricoh RDC-200G,114,4,4,8,500,144,399
Ricoh RDC-4300,105,40,8,4,320,135,149
Ricoh RDC-5000,86,40,4,8,340,131,149
Ricoh RDC-5300,114,40,4,8,380,131,177
Ricoh RDC-6000,40,30,13,8,300,110,149
Ricoh RDC-7,105,24,1,8,320,135,1699
Ricoh RDC-i500,105,24,1,8,320,142,4999
Ricoh RDC-i700,105,24,1,8,450,157,149
Ricoh Caplio RR1,105,24,1,8,340,135,99
Ricoh Caplio RX,100,30,1,8,215,112,99
Samsung Digimax A50,105,80,5,11,185,107,229
Samsung Digimax A502,31,100,2,16,175,97,229
Samsung Digimax A55W,135,60,1,32,185,106,229
Samsung Digimax 130,43,80,40,8,250,106,299
Samsung Digimax 202,47,120,19,6,135,98,229
Samsung Digimax 230,100,80,20,0,0,0,229
Samsung Digimax 250,76,80,15,6,210,107,229
Samsung Digimax 301,33,10,19,16,137,98,299
Samsung Digimax 350SE,102,80,20,0,320,114,229
Samsung Digimax 370,114,80,5,0,157,108,229
Samsung Digimax 401,33,10,19,16,137,98,299
Samsung Digimax 410,102,80,20,0,340,116,229
Samsung Digimax 430,114,80,5,32,210,107,229
Samsung Digimax 530,114,80,6,32,195,110,229
Samsung Digimax V4,114,80,6,0,210,106,229
Samsung GX-10,0,0,0,0,793,142,199
Samsung GX-1L,0,0,0,0,570,125,299
Samsung GX-1S,0,0,0,0,605,125,299
Samsung Digimax i5,117,50,5,50,155,90,229
Samsung Digimax i6,117,50,1,45,0,96,229
Samsung i7,114,80,5,450,210,101,119
Samsung i70,114,80,5,20,180,90,199
Samsung i85,108,80,5,173,0,95,149
Samsung L83T,114,80,5,19,160,93,229
Samsung L700,105,80,5,20,170,97,199
Samsung L73,105,80,5,19,180,98,119
Samsung L730,114,80,10,16,183,95,99
Samsung L74 Wide,101,80,5,450,210,105,119
Samsung L77,266,80,10,0,0,94,119
Samsung L830,114,80,5,10,183,95,99
Samsung NV10,105,80,4,20,190,97,229
Samsung NV11,190,80,1,0,240,107,229
Samsung NV15,102,80,4,20,0,97,229
Samsung NV20,102,80,4,20,0,97,229
Samsung NV3,114,80,1,15,155,95,229
Samsung NV7 OPS,270,80,1,19,290,106,229
Samsung NV8,102,80,4,20,0,97,229
Samsung Pro815,420,10,3,0,910,136,299
Samsung S1030,105,80,4,45,220,100,199
Samsung S1050,190,80,1,45,254,105,199
Samsung S630,105,80,5,16,186,100,99
Samsung S730,105,80,5,16,186,100,99
Samsung S830,105,80,4,45,220,100,99
Samsung S85,190,80,1,20,204,100,149
Samsung S850,190,80,1,20,222,104,149
Samsung Digimax U-CA 3,114,80,5,0,134,102,229
Samsung Digimax U-CA 4,105,80,5,0,169,102,229
Samsung Digimax U-CA 401,35,60,6,0,165,97,229
Samsung Digimax V40,113,80,5,0,230,106,229
Samsung Digimax V5,114,80,5,0,180,106,229
Samsung Digimax V50,113,80,5,256,230,106,229
Samsung Digimax V6,114,80,6,0,220,106,229
Samsung Digimax V700,114,80,4,128,220,106,229
Samsung Digimax V800,114,80,4,32,220,106,229
Sanyo DSC-AZ1,98,50,10,16,340,106,429
Sanyo DSC-J1,104,20,2,8,205,98,429
Sanyo DSC-S1,108,50,16,8,190,100,149
Sanyo Xacti DSC-S3,112,50,2,16,185,91,1399
Sanyo Xacti DSC-S4,105,50,2,16,185,91,1399
Sanyo DSC-MZ1,98,50,10,8,340,106,429
Sanyo VPC-X350,38,60,10,4,260,105,149
Sanyo VPC-Z400,102,80,20,4,350,128,149
Sigma DP1,28,0,0,0,270,109,1599
Sigma SD10,0,0,0,0,950,152,1599
Sigma SD14,0,0,0,0,750,144,19
Sigma SD9,0,0,0,0,950,152,19
Sony Mavica FD-91,518,80,3,1,950,140,1399
Sony Mavica CD1000,370,80,3,8,980,125,1399
Sony Mavica CD200,117,50,3,8,620,144,1399
Sony Mavica CD250,123,50,3,6,610,138,1399
Sony Mavica CD300,102,50,4,8,620,144,1399
Sony Mavica CD350,123,50,10,1,522,132,1399
Sony Mavica CD400,102,50,4,6,640,138,1399
Sony Mavica CD500,102,50,4,1,606,139,1399
Sony DSC-D700,140,20,0,8,900,130,149
Sony DSC-D770,140,20,0,8,900,130,149
Sony DSC-F505,190,80,8,4,475,107,149
Sony DSC-F505V,190,50,2,8,482,107,149
Sony DSC-F55,37,50,10,4,300,103,429
Sony DSC-F55V,37,25,10,8,280,103,429
Sony DSC-F707,190,50,2,16,667,162,149
Sony DSC-F717,190,50,2,32,659,162,149
Sony DSC-F828,200,50,2,0,906,134,429
Sony DSC-F88,114,50,8,32,202,98,429
Sony DSC-G1,114,50,8,2,238,93,429
Sony DSC-H1,432,50,2,32,591,108,429
Sony DSC-H2,432,50,2,32,490,108,429
Sony DSC-H3,380,50,2,31,264,106,429
Sony DSC-H5,432,50,2,32,490,108,429
Sony DSC-H7,465,50,2,31,405,110,429
Sony DSC-H9,465,50,2,31,440,110,429
Sony DSC-L1,96,12,12,16,152,95,429
Sony DSC-M1,114,50,8,32,215,51,429
Sony DSC-M2,114,50,1,32,240,51,399
Sony DSC-N1,114,50,6,32,139,94,429
Sony DSC-N2,114,50,6,32,139,94,399
Sony DSC-P1,117,50,10,8,250,114,429
Sony DSC-P10,114,50,10,32,206,105,149
Sony DSC-P100,114,50,10,32,180,108,149
Sony DSC-P150,114,50,6,32,180,108,149
Sony DSC-P2,117,50,10,16,214,114,399
Sony DSC-P20,42,60,3,4,230,123,399
Sony DSC-P200,114,50,6,32,180,104,399
Sony DSC-P3,36,25,10,8,194,113,429
Sony DSC-P30,123,50,3,4,250,143,149
Sony DSC-P31,33,10,10,8,231,106,429
Sony DSC-P32,33,10,10,16,217,101,429
Sony DSC-P41,33,10,10,16,180,106,429
Sony DSC-P5,117,50,10,8,214,113,429
Sony DSC-P50,123,50,3,4,250,143,149
Sony DSC-P51,82,8,8,16,275,127,429
Sony DSC-P52,82,8,8,16,280,123,429
Sony DSC-P7,117,50,10,16,214,114,149
Sony DSC-P71,117,50,10,16,284,125,149
Sony DSC-P72,117,50,10,16,259,120,149
Sony DSC-P73,117,50,10,16,243,116,149
Sony DSC-P8,117,50,10,16,206,105,429
Sony DSC-P9,117,50,10,16,206,113,429
Sony DSC-P92,114,50,10,16,259,120,429
Sony DSC-P93,114,50,10,32,236,117,429
Sony DSC-R1,120,0,0,0,995,139,429
Sony DSC-S30,117,25,3,4,370,113,149
Sony DSC-S40,96,0,0,32,184,99,149
Sony DSC-S50,117,25,3,4,370,113,149
Sony DSC-S60,117,50,10,32,249,97,149
Sony DSC-S600,93,12,0,32,180,100,149
Sony DSC-S650,105,35,5,24,178,91,149
Sony DSC-S70,102,25,4,8,420,117,149
Sony DSC-S700,105,35,5,24,178,91,149
Sony DSC-S75,102,50,4,8,444,125,149
Sony DSC-S800,222,50,2,54,245,93,149
Sony DSC-S85,102,50,4,16,444,125,149
Sony DSC-S90,117,50,10,32,253,97,149
Sony DSC-T1,114,25,1,32,180,91,399
Sony DSC-T10,114,50,1,56,168,90,399
Sony DSC-T100,175,50,1,31,197,92,399
Sony DSC-T11,114,50,8,32,186,103,399
Sony DSC-T20,114,50,1,31,197,90,399
Sony DSC-T200,175,50,1,31,160,94,399
Sony DSC-T3,114,50,8,32,186,90,399
Sony DSC-T30,114,50,1,58,172,95,399
Sony DSC-T33,114,50,8,32,150,99,399
Sony DSC-T5,114,50,8,32,139,94,399
Sony DSC-T50,114,50,1,58,170,95,399
Sony DSC-T7,114,50,8,32,134,92,149
Sony DSC-T9,114,50,1,32,185,90,429
Sony DSC-U10,33,10,10,8,118,85,149
Sony DSC-U20,33,10,10,8,118,85,399
Sony DSC-U30,33,10,10,8,130,85,149
Sony DSC-U40,33,10,10,8,130,83,149
Sony DSC-U50,33,10,10,8,132,100,149
Sony DSC-U60,33,10,10,8,200,60,149
Sony DSC-V1,136,40,10,32,298,99,429
Sony DSC-V3,136,40,10,0,390,120,429
Sony DSC-W1,114,50,6,32,250,91,429
Sony DSC-W100,114,50,6,64,192,94,149
Sony DSC-W200,105,34,5,31,195,91,399
Sony DSC-W30,114,50,2,32,153,90,149
Sony DSC-W35,114,30,2,56,149,90,429
Sony DSC-W5,114,50,6,32,250,91,429
Sony DSC-W50,114,50,2,32,157,89,149
Sony DSC-W55,114,30,2,56,147,90,429
Sony DSC-W7,114,50,6,32,250,91,149
Sony DSC-W70,114,50,2,58,157,89,149
Sony DSC-W80,105,50,4,31,175,91,149
Sony DSC-W90,105,50,4,31,175,91,429
Sony DSLR-A100,0,0,0,0,638,133,599
Sony DSLR-A700,0,0,0,0,768,142,599
Sony Mavica FD-100,111,0,0,1,0,0,1399
Sony Mavica FD-200,111,19,3,1,520,142,1399
Sony Mavica FD-71,400,1,1,1,500,138,1399
Sony Mavica FD-73,400,1,1,1,500,138,1399
Sony Mavica FD-75,400,1,1,1,580,138,1399
Sony Mavica FD-81,111,1,1,1,580,140,1399
Sony Mavica FD-83,111,1,1,1,580,142,1399
Sony Mavica FD-85,111,1,1,1,0,0,1399
Sony Mavica FD-87,117,25,3,1,630,143,1399
Sony Mavica FD-88,270,4,4,1,600,142,1399
Sony Mavica FD-90,270,4,4,1,0,0,1399
Sony Mavica FD-92,328,25,3,1,660,126,1399
Sony Mavica FD-95,370,80,3,1,900,0,1399
Sony Mavica FD-97,390,25,2,1,990,126,1399
Toshiba PDR-3310,105,55,12,8,205,91,177
Toshiba PDR-3330,100,80,10,8,320,116,177
Toshiba PDR-4300,100,80,10,16,0,0,599
Toshiba PDR-5300,105,80,10,16,230,93,177
Toshiba PDR-M1,35,50,9,4,290,123,62
Toshiba PDR-M11,52,90,0,8,240,116,62
Toshiba PDR-M21,39,50,0,8,240,116,177
Toshiba PDR-M25,114,40,8,8,320,105,177
Toshiba PDR-M3,115,90,25,4,380,122,62
Toshiba PDR-M4,40,50,10,8,290,112,62
Toshiba PDR-M5,120,90,25,8,350,130,62
Toshiba PDR-M60,86,50,5,4,320,121,449
Toshiba PDR-M61,114,50,5,8,310,123,62
Toshiba PDR-M65,114,10,10,8,320,120,62
Toshiba PDR-M70,105,80,9,16,390,116,62
Toshiba PDR-M71,98,80,10,8,340,107,62
Toshiba PDR-M81,98,80,10,16,340,107,62
Toshiba PDR-T10,38,40,20,8,180,86,129
